{
  "temperature": {
    "phi": [
      2.418257853316172,
      -2.573388951685253,
      1.452739378827859,
      -0.3089238804431369
    ],
    "theta": [
      -1.1846594395179253,
      0.8796890027380553,
      -0.09793016355995864
    ],
    "sigma2": 0.37586338751238674,
    "p": 4,
    "q": 3,
    "aic": 81534.30492235784,
    "bic": 81603.80860003615
  },
  "logprice": {
    "phi": [
      0.9666012372987807,
      0.11608684129071498,
      -0.33671078949081706,
      0.19556409721799972
    ],
    "theta": [
      0.1891096801041913,
      -0.2767445424343093
    ],
    "sigma2": 0.0005872428440190148,
    "p": 4,
    "q": 2,
    "aic": -80618.73649472541,
    "bic": -80564.338406642
  }
}