{
  "temperature": {
    "p": 4,
    "q": 3,
    "theta0_list": [
      [
        10290.024876585501,
        92197904.13592455,
        524756173807.31274,
        125183189987996.9,
        1.0,
        1.0,
        1.0,
        3.356563645056748
      ],
      [
        10290.062595651829,
        92197904.09629309,
        524756173807.5049,
        125183189987996.94,
        0.9392991880516667,
        1.2084785164728455,
        1.4912000135390413,
        3.6406879339955207
      ],
      [
        10289.813756014759,
        92197903.75629811,
        524756173807.12573,
        125183189987996.92,
        0.4024907676083497,
        1.0343625008202364,
        0.7262267158240804,
        3.1368834386457127
      ],
      [
        10289.861598890644,
        92197904.0410345,
        524756173807.4362,
        125183189987997.22,
        1.0614396011167897,
        1.5099390411649058,
        0.9004415979540159,
        3.462016666084654
      ],
      [
        10290.295917639996,
        92197904.16412824,
        524756173807.0897,
        125183189987996.62,
        0.9626822522997982,
        1.1660585370410148,
        0.7971145449383793,
        3.2938109725952343
      ]
    ]
  },
  "logprice": {
    "p": 4,
    "q": 2,
    "theta0_list": [
      [
        14295.155710891107,
        133934087.29000689,
        391305872036.57007,
        164712651908479.2,
        1.0,
        1.0,
        0.26963338759215594
      ],
      [
        14295.193429957435,
        133934087.25037543,
        391305872036.7622,
        164712651908479.22,
        0.9392991880516667,
        1.2084785164728455,
        0.6608334011311972
      ],
      [
        14295.439835180046,
        133934087.07888632,
        391305872036.1904,
        164712651908479.0,
        1.1123977938041731,
        0.4024907676083497,
        0.20399588841239222
      ],
      [
        14294.781937606931,
        133934087.07032669,
        391305872036.4068,
        164712651908479.1,
        1.22348916091224,
        1.4127540108328034,
        0.23107298870894566
      ],
      [
        14295.565649932272,
        133934087.09044848,
        391305872036.67554,
        164712651908479.47,
        1.1282036893282625,
        0.8769502251938575,
        -0.0068842252853698604
      ]
    ]
  }
}