{
  "origin_timestamp": "2023-01-01 00:00:00+00:00",
  "beta": [
    7.011675862354475,
    -1.8266466639246588e-06,
    0.003602710867292417,
    -0.011430859748115037,
    -0.022210279310995774,
    0.0026253196981057964,
    0.004583238124852865,
    9.723723341761858e-05,
    0.007921154633754778,
    -0.008930102459037326,
    -0.00038085176028972547,
    -0.001393695319739375,
    -0.0019210081727650602,
    -0.0019337350543613084,
    -0.023388175994872154,
    0.004321882491410901,
    -0.0016214535454187242,
    0.003159525542768097,
    0.001174577504617336,
    0.0008268755685338861,
    0.0035345972035924897,
    0.002785409296064737,
    -0.0005353922458742771,
    0.0007046568949767836,
    9.766680039992141e-05,
    0.000264175132721423,
    0.009050839397115668,
    0.002685192926834605,
    0.004192423186512265,
    -0.0005598584750537358,
    -0.00036571734825965006,
    -0.0014922991009749774,
    -0.0031750642728113183,
    -0.0037540131949942326,
    -0.004473451118299362,
    -0.0011267777622652516,
    0.000982506481504733,
    0.0017951446833603404,
    0.004075897384943629,
    -0.0020523265509636507,
    -0.0016132510242786195,
    -0.0007271695843530759,
    -0.0003674526188101792,
    0.0003284181050462317,
    -0.002709621365116749,
    0.0012057792473768667,
    0.0008455824413411521,
    0.0011079431630002922,
    0.0008342158105710557,
    -0.0006908105916634778,
    0.0028177859782645342,
    0.0045129178793970656,
    0.0038138434203114522,
    -0.0018815767557335147,
    -0.01902052736559266,
    -0.030053556399643938
  ],
  "k_hour": 3,
  "k_year": 3,
  "include_dow": true
}