{
  "origin_timestamp": "2020-01-01 00:00:00+00:00",
  "beta": [
    10.417533908738925,
    2.6215671300237158e-05,
    -2.7919408692126817,
    -1.2802404559427683,
    0.5162873427900244,
    -0.004620548802693561,
    0.15347739448111564,
    0.08211700494166048,
    -8.887631993583033,
    -3.1076387310226297,
    0.3728945173782653,
    0.9566247107561283,
    -0.03207797867458212,
    0.4921023045195985,
    1.660885505159014,
    -0.2632927254808791,
    0.4595120870596537,
    -0.059168834082535836,
    -0.08561348018132944,
    0.012770330437253502,
    0.7639435767835292,
    -0.13393752623166427,
    0.2394009690704776,
    -0.1284947065273457,
    -0.037929822272745585,
    0.026716070623760503,
    0.23749146843741137,
    -0.07181935002211842,
    -0.3429090441210694,
    0.10771774151789698,
    -0.05154163243951307,
    0.0017914086134639211,
    0.24710153522354203,
    0.05391080930567457,
    -0.08000762584720965,
    0.07850600431226284,
    -0.02051333976698836,
    -0.017386951406465435,
    -0.38661711303054375,
    0.07015810376770924,
    -0.03239254296891765,
    0.01803873961023712,
    0.08281262139073485,
    -0.03566327087396277,
    -0.043130450294773935,
    -0.006801523120377927,
    -0.009319394016593829,
    0.01357345280057722,
    -0.00565244870707506,
    -0.03048617843067971
  ],
  "k_hour": 3,
  "k_year": 3,
  "include_dow": false
}