model,RMSE,MAE,R2,joint_loglik,joint_AIC_6_params,mean_z_X,std_z_X,skew_z_X,kurtosis_z_X,LB_pvalue_24,LB_pvalue_48,LB_pvalue_168
ou_constant_lambda,0.012774990171023218,0.007582221654221649,0.8553122193128353,52670.65557470419,-105329.31114940839,0.00010142944747450837,0.9954021973270423,0.4276474100504133,84.92919390277513,0.0,0.0,0.0
