series,n,mean,std,skew,kurtosis
price_ou_idiosyncratic_driver,26280,0.00017870608049850046,0.9951324874991082,0.4235496654145269,84.88221811718003
