series,n,mean,std,skew,kurtosis
price_idiosyncratic_driver,26280,2.047328120008118e-05,1.0001123549930058,0.520902339117739,86.19152694283163
