"name","value"
"a1",0.834602554797278
"a2",0.02473622057743
"b0",1
"b1",0.584420888567256
"sig",0.76963298150931
"ma0",0.76963298150931
"ma1",0.449789590924337
