"row","col","val"
1,1,0
2,1,-0.02473622057743
1,2,1
2,2,-0.834602554797278
