"parameter","value"
"mu_gauss",1.03053952484507e-05
"sigma_gauss",1.44167791208858
